layer,captured_objectid,auth_globalid,distance_ft,match_type,action,attachment_count,attachment_names
,1,22c1fb0e-14e1-4b38-bf38-bc47dd478172,1.6341443373951632,clean,updated,0,
,2,b80bbe67-86d5-4666-8d76-f6fb4350f17e,8.038280681286212,clean,updated,0,
,3,bd21e76b-46ad-4aac-9004-83816cfe6f71,1.4030155671242974,clean,updated,0,
,4,a14e47c4-6338-48e4-971d-4c47f26a18cd,1.6878505368594086,clean,updated,0,
,5,eb408290-26ff-470d-87e1-6083ae08c73e,0.7665420354778226,clean,updated,0,
,6,42977a95-5f65-444d-9092-b65a9e5ff4ee,1.464114508794043,clean,updated,0,
,7,cd8f19a0-d388-4d2f-93e4-3d34c4327523,1.2702240567517655,clean,updated,0,
,8,d5adbbb0-6ba5-40d5-bb2b-90cf50c8f62c,1.3051361059774547,clean,updated,0,
,10,98257438-fa4b-4f6a-9919-4d9d096ab39d,1.416413619970602,clean,updated,0,
,11,9fb12a24-088c-4c73-801d-4e0a132a8e7d,1.5079093335896656,clean,updated,0,
,12,c0aea4c7-722a-4ea9-b195-0cc5239915a2,0.7871635656524629,clean,updated,0,
,13,f003ec71-2cc3-4599-ae14-e8a152e9d8d4,0.6023118295420419,clean,updated,0,
,14,066083db-3fe6-4326-b859-b9da697933bb,0.8985336419239451,clean,updated,0,
,15,8ff6d6ec-4246-4808-8265-3ce013f6ffa8,1.87360565488795,clean,updated,0,
,16,2cc08a0a-9581-4f53-bd2d-525500a8cd83,1.6134814186335178,clean,updated,0,
,17,df4f3301-6c83-47c2-bfc8-38ca32b24909,0.23101387550204686,clean,updated,0,
,18,df83b494-698c-4ca0-a088-88ec34953ee0,0.10806542503288262,clean,updated,0,
,19,53bc22c3-27e0-4093-a765-fb9255944384,1.1133790380424262,clean,updated,0,
,20,85f3b64f-f3e6-4dc1-9ee6-be4110703500,0.7826092931901106,clean,updated,0,
,21,ebfd37bb-d846-461c-9636-1d879138d3d0,1.8085009356332995,clean,updated,0,
,22,bbcda350-6188-4519-b8f4-524099f10a7b,0.8391053908968648,clean,updated,0,
,23,dcab413f-518d-4e72-8544-1ba9027d91a7,1.0747630915658293,clean,updated,0,
,24,ca91c210-2fbb-44f1-a320-a4ebb2937f90,3.1056365609074152,clean,updated,0,
,25,9bb2f155-26f8-4e6c-b665-55f33d6b6b89,2.4689185825489046,clean,updated,0,
,26,4212ae73-619d-4fbe-b5a7-42a15dedee29,1.0645525315283213,clean,updated,0,
,27,4d6e82da-9e99-4fc6-bac7-1ffb5253f33b,0.7590460850968787,clean,updated,0,
,28,e19eb5d5-9cbd-495d-bc62-cb85146e53a2,0.4706507124831203,clean,updated,0,
,29,470427fb-7374-488b-9347-400cfc3d785e,2.1113899670086322,clean,updated,0,
,30,17f90726-e340-46b1-9ef0-a009c1ae01d2,0.887725300454658,clean,updated,0,
,31,07d5a9f4-a162-476f-8b5c-b4eb69e46c74,1.4639211346019132,clean,updated,0,
,32,85b92cdd-f412-4c06-96bd-b539072085da,0.4167156864661982,clean,updated,0,
,33,f0fcdf92-f126-44e6-8f27-9466205cc017,0.4393480112826803,clean,updated,0,
,34,d660410a-cd3d-45b9-9c45-a528ce9f76e9,0.724779560166416,clean,updated,0,
,35,0d27c24e-5733-4e37-b40e-caabb7b23624,0.9235229837771485,clean,updated,0,
,36,8273937f-ad51-407d-abac-5437fc23ddbb,1.612947921218376,clean,updated,0,
,37,ea69774c-f120-467f-aefa-4d9af7dd63ab,0.41687372699525327,clean,updated,0,
,38,d4fc9b9d-5bc7-4cb3-b387-48ed23ffdbe0,0.7093855531523438,clean,updated,0,
,39,c6644bf9-a126-4970-b176-ed67a1c3c7f5,0.9211916644247502,clean,updated,0,
,40,83a4afa9-0755-4db3-8783-ab1b325f862e,0.4835888642492202,clean,updated,0,
,41,c5dc542b-63d9-4d7f-88c6-c964abf964c9,0.5542242027883815,clean,updated,0,
,42,e98beef2-5a57-4923-85df-4446173bf8b3,0.9770994149148334,clean,updated,0,
,43,a0f56769-0882-4e82-9448-09e1cfcf0f67,0.8134984803215803,clean,updated,0,
,44,561bacca-898a-42b0-bee3-71d281845b88,0.5923238107768866,clean,updated,0,
,45,2676767f-54fd-4a3a-9f49-b3eb5e4f98f5,0.7153035195131263,clean,updated,0,
,46,,,new,appended,0,
,47,a7252ca9-b81f-4ced-8174-8f2a40963e15,2.7237179189693976,clean,updated,0,
,49,255a561f-64bb-462d-8a71-2b0d0e3d79b8,1.782350990860574,clean,updated,0,
,50,8254e429-bc70-464f-9bf4-d752440a7af5,0.9789456600523706,clean,updated,0,
,51,460178e3-baaf-4aa6-afd4-e6051abb287d,0.548668855900617,clean,updated,0,
,52,f0117788-f84b-4ed2-be7f-5127d8279070,0.17474902084469862,clean,updated,0,
,53,fa7d4da4-65f9-476f-b147-bbe310098373,0.5823159389741198,clean,updated,0,
,54,b31f73ae-5d62-43cb-ae32-6def71cb6d97,0.39658031381394654,clean,updated,0,
,55,a7a7b838-3f91-4854-912b-8c4b934495bf,0.6956304302153756,clean,updated,0,
,56,b115c16f-d630-43a0-8cdf-3ad61e0e1afb,0.3842763165016901,clean,updated,0,
,57,aecce6e6-2a81-4bea-adc3-daeb2253998b,0.4113336388506248,clean,updated,0,
,58,f96a7312-428e-461f-aa24-a780c0064ff0,0.37946016042392805,clean,updated,0,
,59,302c1aed-262f-45e1-86a5-4c48144a86e9,1.3298220254563529,clean,updated,0,
,60,39b38f0b-415b-4822-ae87-771da3adeaf5,0.854681547719704,clean,updated,0,
,61,5d88b7a0-55e8-4add-8ad3-6373d459ee75,0.6476106453193974,clean,updated,0,
,62,fa3896e6-e2c9-4dbf-8ea5-c416806cbc61,1.2923822426200604,clean,updated,0,
,63,a3668fff-1f61-4b5b-b0f8-2a89177d021e,0.9308821598561376,clean,updated,0,
,64,49e5fa6c-a96b-49e1-83d0-d479cbfab4bb,0.7427191070591271,clean,updated,0,
,65,38944c61-4686-47ee-aef0-d91c90b08145,0.5474802088206426,clean,updated,0,
,66,5d1b71b8-5046-4218-8fdd-9636226f6744,0.5326183354906053,clean,updated,0,
,67,75e4302c-ead5-4bb2-80e9-f8c751451014,0.6991944912970756,clean,updated,0,
,68,0bbb7457-f79f-47cd-bc39-116d719d7663,1.1693187108645662,clean,updated,0,
,69,77828878-028f-4d88-a6d4-48ba87e7bb3c,1.0096940786484654,clean,updated,0,
,70,be97275b-b892-47ab-864e-db81699361b1,1.105412091877993,clean,updated,0,
,71,1dd057a5-4179-46df-ad00-34eed80442e0,1.497993494300065,clean,updated,0,
,72,049e50a5-a8bf-4e8a-96d2-615112a4aec0,0.6717647489562594,clean,updated,0,
,73,ca6efb0b-62e8-4e04-8ff0-aec6d7defc0f,0.7891595969583494,clean,updated,0,
,74,09cd3ff4-4128-4062-841d-2b42da10716d,0.5648453796558913,clean,updated,0,
,75,6e435464-504d-4264-9595-1a929cd87f53,0.956631561702623,clean,updated,0,
,76,0101f345-474a-49ed-890f-101db5c3bf9f,0.8099541641781601,clean,updated,0,
,77,1b5ba1b8-e9d5-482d-b8ca-47663ecf3a89,0.4403915199617161,clean,updated,0,
,78,e96b6cce-809e-4a6b-a756-831380dfed79,0.4074574474829888,clean,updated,0,
,79,c7f1a374-b71a-4b34-b352-75f907860665,0.6384081669808688,clean,updated,0,
,80,e678f83c-9268-4239-a576-c0f42d6de5ff,1.000023276935246,clean,updated,0,
,81,,,new,appended,0,
,82,c7396c46-2dd1-46e4-9af8-50334327a071,0.7817684361879118,clean,updated,0,
,83,704a8743-16e7-42ec-8263-28dcfb65f58e,0.5328660312129032,clean,updated,0,
,84,e73e1e0d-fc49-4860-9d86-4a4f7c197c1f,0.6478506430966262,clean,updated,0,
,85,c6ee5fc7-4d70-48fd-8eca-54071fb5a873,0.9202580369672362,clean,updated,0,
,86,a4105f48-865d-4d2c-8578-fe0b9686da4c,0.3910396346262566,clean,updated,0,
,87,290a35c4-c853-4127-af78-0a8cda69caab,1.0594584247646586,clean,updated,0,
,88,c94ead67-b29f-4244-985b-687489a5e017,3.7528008201068284,clean,updated,0,
,89,aa59e383-0e70-4ac7-bb7b-1298b484eadd,1.6955447810813076,clean,updated,0,
,90,302153a6-d269-480b-9053-b0a42efe22e6,1.8808829118030668,clean,updated,0,
,91,76e187b0-792f-47e8-b671-4e198eb0b304,1.4262585721313317,clean,updated,0,
,92,2f9d7d6a-a3a3-4f77-af37-60569984ff58,0.4729751306885028,clean,updated,0,
,93,7b53811d-4b0d-4810-b220-0afe83844bb2,0.2743623024741988,clean,updated,0,
,94,49d5a65c-7595-4d20-8388-7d8f33a5eec7,0.9771529363598239,clean,updated,0,
,95,1559196b-ff8a-43f9-b605-51e84dd9ad03,0.7067755955784619,clean,updated,0,
,96,23b928e1-d897-4d81-bdff-a0db3c8b15a6,0.23843546741565413,clean,updated,0,
,97,9e6413c8-d499-4650-bdc2-5b1de361fa4e,1.7131923021329698,clean,updated,0,
,98,7ece6b9d-9e74-46e2-9877-e046b9db9d2a,1.272465556570195,clean,updated,0,
,99,e6b9d839-de48-4d14-8d37-7daa8e03d672,1.810577516179532,clean,updated,0,
,100,84bf663e-5c74-45d4-a3a4-a16cdb358109,1.3177736533483506,clean,updated,0,
,101,ad5ff608-a226-4213-b4ef-87ac3edc856e,0.788930603183931,clean,updated,0,
,102,5f8eef91-c674-4cb3-8f8e-758836ca8344,1.2589418974133337,clean,updated,0,
,103,947ec583-0920-41cb-af79-cd8d607ac960,1.5207788076345747,clean,updated,0,
,104,108ffb16-7d95-4557-9f85-5a84cec02aba,1.2906574676296898,clean,updated,0,
,105,57d3d8b7-776d-4ba3-9d67-915e3cc225a6,1.350858132692774,clean,updated,0,
,106,f727caa4-d7b7-4e4b-979d-8bfe0f9d7295,0.7688339878094606,clean,updated,0,
,107,37145e56-019d-4f03-bbe6-ff95e42329e2,1.0259241254686953,clean,updated,0,
,108,92b96e43-b747-4504-820d-0c11952e5006,0.9946615662260186,clean,updated,0,
,109,19454413-e167-4d66-9302-8b8054873339,1.1431441519553858,clean,updated,0,
,110,2d1e1470-bd56-4d55-b997-78df221b33bf,1.2369807043474137,clean,updated,0,
,111,da119bbc-2125-450c-a34f-03daf95ec414,1.2995742387346736,clean,updated,0,
,112,27e49637-ddda-4427-853d-49592dd3a9f6,1.1170642369557158,clean,updated,0,
,113,88b5a160-0f6b-45ad-83a6-d31e28fc491b,1.6368775239864148,clean,updated,0,
,114,,,new,appended,0,
,115,,,new,appended,0,
,116,081f669a-5ac4-4246-89eb-05e223a244b7,1.0815581836622667,clean,updated,0,
,117,7c077a05-6299-40e1-b4d3-fbe19da851ae,0.8618042122158031,clean,updated,0,
,118,a3fa1d85-b4de-4219-8fc8-7ec9a2843656,0.7885026587930876,clean,updated,0,
,119,76d1fe7a-6e8f-4940-af61-05d9b5ce8dd2,0.6082662869137263,clean,updated,0,
,120,9e222e02-342f-45e6-ab4e-ff0aa8f931c6,1.097883390265762,clean,updated,0,
,121,,,new,appended,0,
,122,,,new,appended,0,
,123,,,new,appended,0,
,124,,,new,appended,0,
,125,,,new,appended,0,
,126,,,new,appended,0,
,127,,,new,appended,0,
,128,,,new,appended,0,
,129,,,new,appended,0,
,130,,,new,appended,0,
,131,,,new,appended,0,
,132,f13b62bc-1100-4ed3-bc36-a2276d6eb94c,7.049995492388582,clean,updated,0,
,133,44a4a9d1-e17c-456d-a2e7-d15546ba9c77,6.862515390790339,clean,updated,0,
,134,,,new,appended,0,
,135,,,new,appended,0,
,136,93b9c395-13ac-4fba-acd9-128b51714959,1.114120552029329,clean,updated,0,
,137,836dd22e-38b5-41d7-ba0e-a85dcd23cda7,1.3495780802152744,clean,updated,0,
,138,55af23ec-9fac-422c-a340-a14065075aff,1.9202189442243363,clean,updated,0,
,139,e3edbc2d-b2dc-4981-baf2-282ad9315e97,1.1953703322457283,clean,updated,0,
,140,13b435a1-3497-4210-9d48-c6020e1ad5b1,1.2292380378334617,clean,updated,0,
,141,ca88ec83-e1a5-4089-b653-170af527e61c,1.00318885072089,clean,updated,0,
,142,b8341b4b-f6d2-4388-be92-d7d79971816a,0.9077852321543388,clean,updated,0,
,143,8bd3be03-bc38-4102-b8d1-5212a80227de,1.6391025308517286,clean,updated,0,
,144,83229014-fa88-4eb6-9b44-6f9c44480706,1.6213028373924112,clean,updated,0,
,145,c28e4eac-6188-48b4-8820-5c88a024abe7,3.2676879716384963,clean,updated,0,
,146,5b30d0c8-86f8-4a04-9f41-c41328eeff9c,0.871169346762135,clean,updated,0,
,147,ff8e3a14-b4fe-4810-9dca-31e0aedbe879,2.0121191617707863,clean,updated,0,
,148,2f5929b2-c1ba-420d-92aa-ae10314a1775,1.3464146695933785,clean,updated,0,
,149,f5db4d30-9854-4225-8411-a625704aedb8,1.8482242055191411,clean,updated,0,
,150,5f7f9f37-981f-4735-a368-6afae8e0fda9,1.8878444783667003,clean,updated,0,
,151,,,new,appended,0,
,152,,,new,appended,0,
,153,,,new,appended,0,
,154,,,new,appended,0,
,155,c43fada5-b1e9-4467-9d9b-70b72054e57e,2.10596566075456,clean,updated,0,
,156,fee974f3-12c9-4302-a25b-eda9011c65a2,0.384654425391311,clean,updated,0,
,157,08a2fcec-5f16-4b6b-9146-429c42235b08,0.9431763672822696,clean,updated,0,
,158,,,new,appended,0,
,159,,,new,appended,0,
,160,b89c4a3b-1b30-4767-9f2e-8a6a330a7648,5.8935932193310485,clean,updated,0,
,161,500e5445-5271-4779-9d75-af6759c1c24e,2.7144072657257254,clean,updated,0,
,162,8af9d281-8768-4fc7-b942-a1c742eb7fe6,2.0170923581288065,clean,updated,0,
,163,c1a8d0d8-f084-4131-86d2-9ca0f2284ae4,2.368433170975862,clean,updated,0,
,164,799d9fb2-0ae7-436a-868c-d1e0015c944e,2.3533497563598207,clean,updated,0,
,165,cab9c1fa-14a0-4cee-adcc-6bdf08e75eee,0.6883273979544553,clean,updated,0,
,166,e644fa12-39f8-4c65-869d-6db4a6d4b3e2,1.2985257749249113,clean,updated,0,
,167,aaeb009b-d1b6-4377-996a-4b96d99945b2,0.2654996833084795,clean,updated,0,
,168,719ea414-d61c-4b6b-bff3-332e2e4b7ff1,1.4703256125622404,clean,updated,0,
,169,f8b69734-60c5-4fb1-a68b-08b07397730e,0.9433237083037079,clean,updated,0,
,170,833e23b3-e6ea-4824-a7a5-8770d2522625,0.5414139165250693,clean,updated,0,
,171,0e7cacf6-be5c-4bb6-ad13-74851dd22b1c,1.2682640970647516,clean,updated,0,
,172,6d52bef7-fa4b-4f0a-9816-55f863bdbbb7,0.8815392339785754,clean,updated,0,
,173,85d94cd1-ab46-4b2d-a578-e035844fbaa6,2.18029739637986,clean,updated,0,
,174,db764f0e-1a1d-4690-9b16-91f97131a5ba,1.848031912364739,ambiguous,updated,0,
,175,,,new,appended,0,
,176,228f5e0a-e76f-4748-ba9a-426c182d2737,1.989278746211409,clean,updated,0,
,177,c65cbf11-6f3a-49e1-b781-2894c2549eb5,1.727262918452378,clean,updated,0,
,178,,,new,appended,0,
,179,fda868b0-69ae-48d5-a50d-93618753a151,2.423042263857657,clean,updated,0,
,180,5988a048-3e7c-4a2c-b275-2b32073bdf2d,3.4237700552304258,clean,updated,0,
,181,fd68ff22-9329-48f8-a2ec-8d4365ccd475,1.2231732624196732,clean,updated,0,
,182,a02a3c7d-fdb4-47f4-b1e1-3018474914b5,2.7096027335323787,clean,updated,0,
,183,c23aa29f-eb17-4aff-8bad-cb1fdbc56bb0,1.4177871624419316,clean,updated,0,
,184,,,new,appended,0,
,185,,,new,appended,0,
